{"Nodes":[-10.0,-4.0,-1.0,0.0,34.0,56.0,1045.0],"FirstCoord":[-0.8390715290764524,-0.6536436208636119,0.5403023058681398,1.0,-0.8485702747846052,0.853220107722584,-0.40816462057732356],"SecondCoord":[0.5440211108893698,0.7568024953079282,-0.8414709848078965,0.0,0.5290826861200238,-0.5215510020869119,0.9129083428849631],"MaxDistance":1055.0,"ID":"saved_one","Time":"2023-04-16T15:33:18.8669691+03:00"}